Overall_arbitrage_USD_profit,ROE_in_%,Number_of_arbitrage_poistions
137129724604,0.3931936863029636,6
136575672971,0.4505381037962782,5
82696820835430,1.8842083089875516,4
