name,token,arb_cond,arb_act,profit_USD,ROE_in_%
iEx.ec Network Token,0x607f4c5bb672230e8672085532f7e901544a7375,True,Sell Eth at Sushi,534671957,0.3358492688129609
Serum,0x476c5e26a75bd202a9683ffd34359c0cc15be0ff,True,Sell Eth at Sushi,136040963902,0.4505381037929664
Gala,0x15d4c048f83bd7e37d49ea4c83a07267ec4203da,True,Sell Eth at Sushi,554051698,0.06386436195683177
DELTA.financial - deep DeFi derivatives,0x9ea3b5b4ec044b70375236a281986106457b20ef,True,Sell Eth at Sushi,37031,311.32692525773035
Golden Duck,0x378e8c47eb42cce0dd9cff48276a2ab73e9c254f,True,Sell Eth at Uni,6,4.454299674737984e-09
TheRedOrder,0x69fe11b042789bc6e2fdaad064afd32bb298ae05,True,Sell Eth at Uni,10,3.9462406954373725
