name,token,arb_cond,arb_act,profit_USD,ROE_in_%
Celsius,0xaaaebe6fe48e54f431b0c390cfaf0b017d09d42d,True,Sell Eth at Sushi,40759976980748,0.3485096104877858
Serum,0x476c5e26a75bd202a9683ffd34359c0cc15be0ff,True,Sell Eth at Sushi,19534801222,0.08929935425624573
DELTA.financial - deep DeFi derivatives,0x9ea3b5b4ec044b70375236a281986106457b20ef,True,Sell Eth at Sushi,36985,311.03669226099726
Golden Duck,0x378e8c47eb42cce0dd9cff48276a2ab73e9c254f,True,Sell Eth at Uni,5,3.7119163956149864e-09
Metis Token,0x9e32b13ce7f2e80a01932b42553652e053d6ed8e,True,Sell Eth at Uni,4574,91.36142219614348
TheRedOrder,0x69fe11b042789bc6e2fdaad064afd32bb298ae05,True,Sell Eth at Uni,9,3.5516166258936352
Keys,0xe0a189c975e4928222978a74517442239a0b86ff,True,Sell Eth at Sushi,135035276,0.1360294183934858
